{
	"id": "75ee99f6-0a92-4dc2-8822-d0d3e3238fb9",
	"name": "DSCatalog env",
	"values": [
		{
			"key": "host",
			"value": "http://localhost:8080",
			"type": "default",
			"enabled": true
		},
		{
			"key": "client-id",
			"value": "myclientid",
			"type": "default",
			"enabled": true
		},
		{
			"key": "client-secret",
			"value": "myclientsecret",
			"type": "default",
			"enabled": true
		},
		{
			"key": "username",
			"value": "alex@gmail.com",
			"type": "default",
			"enabled": true
		},
		{
			"key": "password",
			"value": "123456",
			"type": "default",
			"enabled": true
		},
		{
			"key": "token",
			"value": "",
			"type": "default",
			"enabled": true
		}
	],
	"_postman_variable_scope": "environment",
	"_postman_exported_at": "2023-06-03T14:42:21.976Z",
	"_postman_exported_using": "Postman/10.14.8"
}